filepath,class,concentration,region
detergent\detergent_0001.jpg,detergent,unknown,unknown
detergent\detergent_0002.jpg,detergent,unknown,unknown
detergent\detergent_0003.jpg,detergent,unknown,unknown
detergent\detergent_0004.jpg,detergent,unknown,unknown
detergent\detergent_0005.jpg,detergent,unknown,unknown
detergent\detergent_0006.jpg,detergent,unknown,unknown
detergent\detergent_0007.jpg,detergent,unknown,unknown
detergent\detergent_0008.jpg,detergent,unknown,unknown
detergent\detergent_0009.jpg,detergent,unknown,unknown
detergent\detergent_0010.jpg,detergent,unknown,unknown
detergent\detergent_0011.jpg,detergent,unknown,unknown
detergent\detergent_0012.jpg,detergent,unknown,unknown
detergent\detergent_0013.jpg,detergent,unknown,unknown
detergent\detergent_0014.jpg,detergent,unknown,unknown
detergent\detergent_0015.jpg,detergent,unknown,unknown
detergent\detergent_0016.jpg,detergent,unknown,unknown
detergent\detergent_0017.jpg,detergent,unknown,unknown
detergent\detergent_0018.jpg,detergent,unknown,unknown
detergent\detergent_0019.jpg,detergent,unknown,unknown
detergent\detergent_0020.jpg,detergent,unknown,unknown
detergent\detergent_0021.jpg,detergent,unknown,unknown
detergent\detergent_0022.jpg,detergent,unknown,unknown
detergent\detergent_0023.jpg,detergent,unknown,unknown
detergent\detergent_0024.jpg,detergent,unknown,unknown
detergent\detergent_0025.jpg,detergent,unknown,unknown
detergent\detergent_0026.jpg,detergent,unknown,unknown
detergent\detergent_0027.jpg,detergent,unknown,unknown
detergent\detergent_0028.jpg,detergent,unknown,unknown
detergent\detergent_0029.jpg,detergent,unknown,unknown
detergent\detergent_0030.jpg,detergent,unknown,unknown
detergent\detergent_0031.jpg,detergent,unknown,unknown
detergent\detergent_0032.jpg,detergent,unknown,unknown
detergent\detergent_0033.jpg,detergent,unknown,unknown
detergent\detergent_0034.jpg,detergent,unknown,unknown
detergent\detergent_0035.jpg,detergent,unknown,unknown
detergent\detergent_0036.jpg,detergent,unknown,unknown
detergent\detergent_0037.jpg,detergent,unknown,unknown
detergent\detergent_0038.jpg,detergent,unknown,unknown
detergent\detergent_0039.jpg,detergent,unknown,unknown
detergent\detergent_0040.jpg,detergent,unknown,unknown
detergent\detergent_0041.jpg,detergent,unknown,unknown
detergent\detergent_0042.jpg,detergent,unknown,unknown
detergent\detergent_0043.jpg,detergent,unknown,unknown
detergent\detergent_0044.jpg,detergent,unknown,unknown
detergent\detergent_0045.jpg,detergent,unknown,unknown
detergent\detergent_0046.jpg,detergent,unknown,unknown
detergent\detergent_0047.jpg,detergent,unknown,unknown
detergent\detergent_0048.jpg,detergent,unknown,unknown
detergent\detergent_0049.jpg,detergent,unknown,unknown
detergent\detergent_0050.jpg,detergent,unknown,unknown
detergent\detergent_0051.jpg,detergent,unknown,unknown
detergent\detergent_0052.jpg,detergent,unknown,unknown
detergent\detergent_0053.jpg,detergent,unknown,unknown
detergent\detergent_0054.jpg,detergent,unknown,unknown
detergent\detergent_0055.jpg,detergent,unknown,unknown
detergent\detergent_0056.jpg,detergent,unknown,unknown
detergent\detergent_0057.jpg,detergent,unknown,unknown
detergent\detergent_0058.jpg,detergent,unknown,unknown
detergent\detergent_0059.jpg,detergent,unknown,unknown
detergent\detergent_0060.jpg,detergent,unknown,unknown
detergent\detergent_0061.jpg,detergent,unknown,unknown
detergent\detergent_0062.jpg,detergent,unknown,unknown
detergent\detergent_0063.jpg,detergent,unknown,unknown
detergent\detergent_0064.jpg,detergent,unknown,unknown
detergent\detergent_0065.jpg,detergent,unknown,unknown
detergent\detergent_0066.jpg,detergent,unknown,unknown
detergent\detergent_0067.jpg,detergent,unknown,unknown
detergent\detergent_0068.jpg,detergent,unknown,unknown
detergent\detergent_0069.jpg,detergent,unknown,unknown
detergent\detergent_0070.jpg,detergent,unknown,unknown
detergent\detergent_0071.jpg,detergent,unknown,unknown
detergent\detergent_0072.jpg,detergent,unknown,unknown
detergent\detergent_0073.jpg,detergent,unknown,unknown
detergent\detergent_0074.jpg,detergent,unknown,unknown
detergent\detergent_0075.jpg,detergent,unknown,unknown
detergent\detergent_0076.jpg,detergent,unknown,unknown
detergent\detergent_0077.jpg,detergent,unknown,unknown
detergent\detergent_0078.jpg,detergent,unknown,unknown
detergent\detergent_0079.jpg,detergent,unknown,unknown
detergent\detergent_0080.jpg,detergent,unknown,unknown
detergent\detergent_0081.jpg,detergent,unknown,unknown
detergent\detergent_0082.jpg,detergent,unknown,unknown
detergent\detergent_0083.jpg,detergent,unknown,unknown
detergent\detergent_0084.jpg,detergent,unknown,unknown
detergent\detergent_0085.jpg,detergent,unknown,unknown
detergent\detergent_0086.jpg,detergent,unknown,unknown
detergent\detergent_0087.jpg,detergent,unknown,unknown
detergent\detergent_0088.jpg,detergent,unknown,unknown
detergent\detergent_0089.jpg,detergent,unknown,unknown
detergent\detergent_0090.jpg,detergent,unknown,unknown
detergent\detergent_0091.jpg,detergent,unknown,unknown
detergent\detergent_0092.jpg,detergent,unknown,unknown
detergent\detergent_0093.jpg,detergent,unknown,unknown
detergent\detergent_0094.jpg,detergent,unknown,unknown
detergent\detergent_0095.jpg,detergent,unknown,unknown
detergent\detergent_0096.jpg,detergent,unknown,unknown
detergent\detergent_0097.jpg,detergent,unknown,unknown
detergent\detergent_0098.jpg,detergent,unknown,unknown
detergent\detergent_0099.jpg,detergent,unknown,unknown
detergent\detergent_0100.jpg,detergent,unknown,unknown
detergent\detergent_0101.jpg,detergent,unknown,unknown
detergent\detergent_0102.jpg,detergent,unknown,unknown
detergent\detergent_0103.jpg,detergent,unknown,unknown
detergent\detergent_0104.jpg,detergent,unknown,unknown
detergent\detergent_0105.jpg,detergent,unknown,unknown
detergent\detergent_0106.jpg,detergent,unknown,unknown
detergent\detergent_0107.jpg,detergent,unknown,unknown
detergent\detergent_0108.jpg,detergent,unknown,unknown
detergent\detergent_0109.jpg,detergent,unknown,unknown
detergent\detergent_0110.jpg,detergent,unknown,unknown
detergent\detergent_0111.jpg,detergent,unknown,unknown
detergent\detergent_0112.jpg,detergent,unknown,unknown
detergent\detergent_0113.jpg,detergent,unknown,unknown
detergent\detergent_0114.jpg,detergent,unknown,unknown
detergent\detergent_0115.jpg,detergent,unknown,unknown
detergent\detergent_0116.jpg,detergent,unknown,unknown
detergent\detergent_0117.jpg,detergent,unknown,unknown
detergent\detergent_0118.jpg,detergent,unknown,unknown
detergent\detergent_0119.jpg,detergent,unknown,unknown
detergent\detergent_0120.jpg,detergent,unknown,unknown
detergent\detergent_0121.jpg,detergent,unknown,unknown
detergent\detergent_0122.jpg,detergent,unknown,unknown
detergent\detergent_0123.jpg,detergent,unknown,unknown
detergent\detergent_0124.jpg,detergent,unknown,unknown
detergent\detergent_0125.jpg,detergent,unknown,unknown
detergent\detergent_0126.jpg,detergent,unknown,unknown
detergent\detergent_0127.jpg,detergent,unknown,unknown
detergent\detergent_0128.jpg,detergent,unknown,unknown
detergent\detergent_0129.jpg,detergent,unknown,unknown
detergent\detergent_0130.jpg,detergent,unknown,unknown
detergent\detergent_0131.jpg,detergent,unknown,unknown
detergent\detergent_0132.jpg,detergent,unknown,unknown
detergent\detergent_0133.jpg,detergent,unknown,unknown
detergent\detergent_0134.jpg,detergent,unknown,unknown
detergent\detergent_0135.jpg,detergent,unknown,unknown
detergent\detergent_0136.jpg,detergent,unknown,unknown
detergent\detergent_0137.jpg,detergent,unknown,unknown
detergent\detergent_0138.jpg,detergent,unknown,unknown
detergent\detergent_0139.jpg,detergent,unknown,unknown
detergent\detergent_0140.jpg,detergent,unknown,unknown
detergent\detergent_0141.jpg,detergent,unknown,unknown
detergent\detergent_0142.jpg,detergent,unknown,unknown
detergent\detergent_0143.jpg,detergent,unknown,unknown
detergent\detergent_0144.jpg,detergent,unknown,unknown
detergent\detergent_0145.jpg,detergent,unknown,unknown
detergent\detergent_0146.jpg,detergent,unknown,unknown
detergent\detergent_0147.jpg,detergent,unknown,unknown
detergent\detergent_0148.jpg,detergent,unknown,unknown
detergent\detergent_0149.jpg,detergent,unknown,unknown
detergent\detergent_0150.jpg,detergent,unknown,unknown
detergent\detergent_0151.jpg,detergent,unknown,unknown
detergent\detergent_0152.jpg,detergent,unknown,unknown
detergent\detergent_0153.jpg,detergent,unknown,unknown
detergent\detergent_0154.jpg,detergent,unknown,unknown
detergent\detergent_0155.jpg,detergent,unknown,unknown
detergent\detergent_0156.jpg,detergent,unknown,unknown
detergent\detergent_0157.jpg,detergent,unknown,unknown
detergent\detergent_0158.jpg,detergent,unknown,unknown
detergent\detergent_0159.jpg,detergent,unknown,unknown
detergent\detergent_0160.jpg,detergent,unknown,unknown
detergent\detergent_0161.jpg,detergent,unknown,unknown
detergent\detergent_0162.jpg,detergent,unknown,unknown
detergent\detergent_0163.jpg,detergent,unknown,unknown
detergent\detergent_0164.jpg,detergent,unknown,unknown
detergent\detergent_0165.jpg,detergent,unknown,unknown
detergent\detergent_0166.jpg,detergent,unknown,unknown
detergent\detergent_0167.jpg,detergent,unknown,unknown
detergent\detergent_0168.jpg,detergent,unknown,unknown
detergent\detergent_0169.jpg,detergent,unknown,unknown
detergent\detergent_0170.jpg,detergent,unknown,unknown
detergent\detergent_0171.jpg,detergent,unknown,unknown
detergent\detergent_0172.jpg,detergent,unknown,unknown
detergent\detergent_0173.jpg,detergent,unknown,unknown
detergent\detergent_0174.jpg,detergent,unknown,unknown
detergent\detergent_0175.jpg,detergent,unknown,unknown
detergent\detergent_0176.jpg,detergent,unknown,unknown
detergent\detergent_0177.jpg,detergent,unknown,unknown
detergent\detergent_0178.jpg,detergent,unknown,unknown
detergent\detergent_0179.jpg,detergent,unknown,unknown
detergent\detergent_0180.jpg,detergent,unknown,unknown
detergent\detergent_0181.jpg,detergent,unknown,unknown
detergent\detergent_0182.jpg,detergent,unknown,unknown
detergent\detergent_0183.jpg,detergent,unknown,unknown
detergent\detergent_0184.jpg,detergent,unknown,unknown
detergent\detergent_0185.jpg,detergent,unknown,unknown
detergent\detergent_0186.jpg,detergent,unknown,unknown
detergent\detergent_0187.jpg,detergent,unknown,unknown
detergent\detergent_0188.jpg,detergent,unknown,unknown
detergent\detergent_0189.jpg,detergent,unknown,unknown
detergent\detergent_0190.jpg,detergent,unknown,unknown
detergent\detergent_0191.jpg,detergent,unknown,unknown
detergent\detergent_0192.jpg,detergent,unknown,unknown
detergent\detergent_0193.jpg,detergent,unknown,unknown
detergent\detergent_0194.jpg,detergent,unknown,unknown
detergent\detergent_0195.jpg,detergent,unknown,unknown
detergent\detergent_0196.jpg,detergent,unknown,unknown
detergent\detergent_0197.jpg,detergent,unknown,unknown
detergent\detergent_0198.jpg,detergent,unknown,unknown
detergent\detergent_0199.jpg,detergent,unknown,unknown
detergent\detergent_0200.jpg,detergent,unknown,unknown
detergent\detergent_0201.jpg,detergent,unknown,unknown
detergent\detergent_0202.jpg,detergent,unknown,unknown
detergent\detergent_0203.jpg,detergent,unknown,unknown
detergent\detergent_0204.jpg,detergent,unknown,unknown
detergent\detergent_0205.jpg,detergent,unknown,unknown
detergent\detergent_0206.jpg,detergent,unknown,unknown
detergent\detergent_0207.jpg,detergent,unknown,unknown
detergent\detergent_0208.jpg,detergent,unknown,unknown
detergent\detergent_0209.jpg,detergent,unknown,unknown
detergent\detergent_0210.jpg,detergent,unknown,unknown
detergent\detergent_0211.jpg,detergent,unknown,unknown
detergent\detergent_0212.jpg,detergent,unknown,unknown
detergent\detergent_0213.jpg,detergent,unknown,unknown
detergent\detergent_0214.jpg,detergent,unknown,unknown
detergent\detergent_0215.jpg,detergent,unknown,unknown
detergent\detergent_0216.jpg,detergent,unknown,unknown
detergent\detergent_0217.jpg,detergent,unknown,unknown
detergent\detergent_0218.jpg,detergent,unknown,unknown
detergent\detergent_0219.jpg,detergent,unknown,unknown
detergent\detergent_0220.jpg,detergent,unknown,unknown
detergent\detergent_0221.jpg,detergent,unknown,unknown
detergent\detergent_0222.jpg,detergent,unknown,unknown
detergent\detergent_0223.jpg,detergent,unknown,unknown
detergent\detergent_0224.jpg,detergent,unknown,unknown
detergent\detergent_0225.jpg,detergent,unknown,unknown
detergent\detergent_0226.jpg,detergent,unknown,unknown
detergent\detergent_0227.jpg,detergent,unknown,unknown
detergent\detergent_0228.jpg,detergent,unknown,unknown
detergent\detergent_0229.jpg,detergent,unknown,unknown
detergent\detergent_0230.jpg,detergent,unknown,unknown
detergent\detergent_0231.jpg,detergent,unknown,unknown
detergent\detergent_0232.jpg,detergent,unknown,unknown
detergent\detergent_0233.jpg,detergent,unknown,unknown
detergent\detergent_0234.jpg,detergent,unknown,unknown
detergent\detergent_0235.jpg,detergent,unknown,unknown
detergent\detergent_0236.jpg,detergent,unknown,unknown
detergent\detergent_0237.jpg,detergent,unknown,unknown
detergent\detergent_0238.jpg,detergent,unknown,unknown
pure_milk\pure_milk_0001.jpg,pure_milk,unknown,unknown
pure_milk\pure_milk_0002.jpg,pure_milk,unknown,unknown
pure_milk\pure_milk_0003.jpg,pure_milk,unknown,unknown
pure_milk\pure_milk_0004.jpg,pure_milk,unknown,unknown
pure_milk\pure_milk_0005.jpg,pure_milk,unknown,unknown
pure_milk\pure_milk_0006.jpg,pure_milk,unknown,unknown
pure_milk\pure_milk_0007.jpg,pure_milk,unknown,unknown
pure_milk\pure_milk_0008.jpg,pure_milk,unknown,unknown
pure_milk\pure_milk_0009.jpg,pure_milk,unknown,unknown
pure_milk\pure_milk_0010.jpg,pure_milk,unknown,unknown
pure_milk\pure_milk_0011.jpg,pure_milk,unknown,unknown
pure_milk\pure_milk_0012.jpg,pure_milk,unknown,unknown
pure_milk\pure_milk_0013.jpg,pure_milk,unknown,unknown
pure_milk\pure_milk_0014.jpg,pure_milk,unknown,unknown
pure_milk\pure_milk_0015.jpg,pure_milk,unknown,unknown
pure_milk\pure_milk_0016.jpg,pure_milk,unknown,unknown
pure_milk\pure_milk_0017.jpg,pure_milk,unknown,unknown
pure_milk\pure_milk_0018.jpg,pure_milk,unknown,unknown
pure_milk\pure_milk_0019.jpg,pure_milk,unknown,unknown
pure_milk\pure_milk_0020.jpg,pure_milk,unknown,unknown
pure_milk\pure_milk_0021.jpg,pure_milk,unknown,unknown
pure_milk\pure_milk_0022.jpg,pure_milk,unknown,unknown
salt\salt_0001.jpg,salt,unknown,unknown
salt\salt_0002.jpg,salt,unknown,unknown
salt\salt_0003.jpg,salt,unknown,unknown
salt\salt_0004.jpg,salt,unknown,unknown
salt\salt_0005.jpg,salt,unknown,unknown
salt\salt_0006.jpg,salt,unknown,unknown
salt\salt_0007.jpg,salt,unknown,unknown
salt\salt_0008.jpg,salt,unknown,unknown
salt\salt_0009.jpg,salt,unknown,unknown
salt\salt_0010.jpg,salt,unknown,unknown
salt\salt_0011.jpg,salt,unknown,unknown
salt\salt_0012.jpg,salt,unknown,unknown
salt\salt_0013.jpg,salt,unknown,unknown
salt\salt_0014.jpg,salt,unknown,unknown
salt\salt_0015.jpg,salt,unknown,unknown
salt\salt_0016.jpg,salt,unknown,unknown
salt\salt_0017.jpg,salt,unknown,unknown
salt\salt_0018.jpg,salt,unknown,unknown
salt\salt_0019.jpg,salt,unknown,unknown
salt\salt_0020.jpg,salt,unknown,unknown
salt\salt_0021.jpg,salt,unknown,unknown
salt\salt_0022.jpg,salt,unknown,unknown
salt\salt_0023.jpg,salt,unknown,unknown
salt\salt_0024.jpg,salt,unknown,unknown
salt\salt_0025.jpg,salt,unknown,unknown
salt\salt_0026.jpg,salt,unknown,unknown
salt\salt_0027.jpg,salt,unknown,unknown
salt\salt_0028.jpg,salt,unknown,unknown
salt\salt_0029.jpg,salt,unknown,unknown
salt\salt_0030.jpg,salt,unknown,unknown
salt\salt_0031.jpg,salt,unknown,unknown
salt\salt_0032.jpg,salt,unknown,unknown
salt\salt_0033.jpg,salt,unknown,unknown
salt\salt_0034.jpg,salt,unknown,unknown
salt\salt_0035.jpg,salt,unknown,unknown
salt\salt_0036.jpg,salt,unknown,unknown
salt\salt_0037.jpg,salt,unknown,unknown
salt\salt_0038.jpg,salt,unknown,unknown
salt\salt_0039.jpg,salt,unknown,unknown
salt\salt_0040.jpg,salt,unknown,unknown
salt\salt_0041.jpg,salt,unknown,unknown
salt\salt_0042.jpg,salt,unknown,unknown
salt\salt_0043.jpg,salt,unknown,unknown
salt\salt_0044.jpg,salt,unknown,unknown
salt\salt_0045.jpg,salt,unknown,unknown
salt\salt_0046.jpg,salt,unknown,unknown
salt\salt_0047.jpg,salt,unknown,unknown
salt\salt_0048.jpg,salt,unknown,unknown
salt\salt_0049.jpg,salt,unknown,unknown
salt\salt_0050.jpg,salt,unknown,unknown
salt\salt_0051.jpg,salt,unknown,unknown
salt\salt_0052.jpg,salt,unknown,unknown
salt\salt_0053.jpg,salt,unknown,unknown
salt\salt_0054.jpg,salt,unknown,unknown
salt\salt_0055.jpg,salt,unknown,unknown
salt\salt_0056.jpg,salt,unknown,unknown
salt\salt_0057.jpg,salt,unknown,unknown
salt\salt_0058.jpg,salt,unknown,unknown
salt\salt_0059.jpg,salt,unknown,unknown
salt\salt_0060.jpg,salt,unknown,unknown
salt\salt_0061.jpg,salt,unknown,unknown
salt\salt_0062.jpg,salt,unknown,unknown
salt\salt_0063.jpg,salt,unknown,unknown
salt\salt_0064.jpg,salt,unknown,unknown
salt\salt_0065.jpg,salt,unknown,unknown
salt\salt_0066.jpg,salt,unknown,unknown
salt\salt_0067.jpg,salt,unknown,unknown
salt\salt_0068.jpg,salt,unknown,unknown
salt\salt_0069.jpg,salt,unknown,unknown
salt\salt_0070.jpg,salt,unknown,unknown
salt\salt_0071.jpg,salt,unknown,unknown
salt\salt_0072.jpg,salt,unknown,unknown
salt\salt_0073.jpg,salt,unknown,unknown
salt\salt_0074.jpg,salt,unknown,unknown
salt\salt_0075.jpg,salt,unknown,unknown
salt\salt_0076.jpg,salt,unknown,unknown
salt\salt_0077.jpg,salt,unknown,unknown
salt\salt_0078.jpg,salt,unknown,unknown
salt\salt_0079.jpg,salt,unknown,unknown
salt\salt_0080.jpg,salt,unknown,unknown
salt\salt_0081.jpg,salt,unknown,unknown
salt\salt_0082.jpg,salt,unknown,unknown
salt\salt_0083.jpg,salt,unknown,unknown
salt\salt_0084.jpg,salt,unknown,unknown
salt\salt_0085.jpg,salt,unknown,unknown
salt\salt_0086.jpg,salt,unknown,unknown
salt\salt_0087.jpg,salt,unknown,unknown
salt\salt_0088.jpg,salt,unknown,unknown
salt\salt_0089.jpg,salt,unknown,unknown
salt\salt_0090.jpg,salt,unknown,unknown
salt\salt_0091.jpg,salt,unknown,unknown
salt\salt_0092.jpg,salt,unknown,unknown
salt\salt_0093.jpg,salt,unknown,unknown
salt\salt_0094.jpg,salt,unknown,unknown
salt\salt_0095.jpg,salt,unknown,unknown
salt\salt_0096.jpg,salt,unknown,unknown
salt\salt_0097.jpg,salt,unknown,unknown
salt\salt_0098.jpg,salt,unknown,unknown
salt\salt_0099.jpg,salt,unknown,unknown
salt\salt_0100.jpg,salt,unknown,unknown
salt\salt_0101.jpg,salt,unknown,unknown
salt\salt_0102.jpg,salt,unknown,unknown
salt\salt_0103.jpg,salt,unknown,unknown
salt\salt_0104.jpg,salt,unknown,unknown
salt\salt_0105.jpg,salt,unknown,unknown
salt\salt_0106.jpg,salt,unknown,unknown
salt\salt_0107.jpg,salt,unknown,unknown
salt\salt_0108.jpg,salt,unknown,unknown
salt\salt_0109.jpg,salt,unknown,unknown
salt\salt_0110.jpg,salt,unknown,unknown
salt\salt_0111.jpg,salt,unknown,unknown
salt\salt_0112.jpg,salt,unknown,unknown
salt\salt_0113.jpg,salt,unknown,unknown
salt\salt_0114.jpg,salt,unknown,unknown
salt\salt_0115.jpg,salt,unknown,unknown
salt\salt_0116.jpg,salt,unknown,unknown
salt\salt_0117.jpg,salt,unknown,unknown
salt\salt_0118.jpg,salt,unknown,unknown
salt\salt_0119.jpg,salt,unknown,unknown
salt\salt_0120.jpg,salt,unknown,unknown
salt\salt_0121.jpg,salt,unknown,unknown
salt\salt_0122.jpg,salt,unknown,unknown
salt\salt_0123.jpg,salt,unknown,unknown
salt\salt_0124.jpg,salt,unknown,unknown
salt\salt_0125.jpg,salt,unknown,unknown
salt\salt_0126.jpg,salt,unknown,unknown
salt\salt_0127.jpg,salt,unknown,unknown
salt\salt_0128.jpg,salt,unknown,unknown
salt\salt_0129.jpg,salt,unknown,unknown
salt\salt_0130.jpg,salt,unknown,unknown
salt\salt_0131.jpg,salt,unknown,unknown
salt\salt_0132.jpg,salt,unknown,unknown
salt\salt_0133.jpg,salt,unknown,unknown
salt\salt_0134.jpg,salt,unknown,unknown
salt\salt_0135.jpg,salt,unknown,unknown
salt\salt_0136.jpg,salt,unknown,unknown
salt\salt_0137.jpg,salt,unknown,unknown
salt\salt_0138.jpg,salt,unknown,unknown
salt\salt_0139.jpg,salt,unknown,unknown
salt\salt_0140.jpg,salt,unknown,unknown
salt\salt_0141.jpg,salt,unknown,unknown
salt\salt_0142.jpg,salt,unknown,unknown
salt\salt_0143.jpg,salt,unknown,unknown
salt\salt_0144.jpg,salt,unknown,unknown
salt\salt_0145.jpg,salt,unknown,unknown
salt\salt_0146.jpg,salt,unknown,unknown
salt\salt_0147.jpg,salt,unknown,unknown
salt\salt_0148.jpg,salt,unknown,unknown
salt\salt_0149.jpg,salt,unknown,unknown
salt\salt_0150.jpg,salt,unknown,unknown
salt\salt_0151.jpg,salt,unknown,unknown
salt\salt_0152.jpg,salt,unknown,unknown
salt\salt_0153.jpg,salt,unknown,unknown
salt\salt_0154.jpg,salt,unknown,unknown
salt\salt_0155.jpg,salt,unknown,unknown
salt\salt_0156.jpg,salt,unknown,unknown
salt\salt_0157.jpg,salt,unknown,unknown
salt\salt_0158.jpg,salt,unknown,unknown
salt\salt_0159.jpg,salt,unknown,unknown
salt\salt_0160.jpg,salt,unknown,unknown
salt\salt_0161.jpg,salt,unknown,unknown
salt\salt_0162.jpg,salt,unknown,unknown
salt\salt_0163.jpg,salt,unknown,unknown
salt\salt_0164.jpg,salt,unknown,unknown
salt\salt_0165.jpg,salt,unknown,unknown
salt\salt_0166.jpg,salt,unknown,unknown
salt\salt_0167.jpg,salt,unknown,unknown
salt\salt_0168.jpg,salt,unknown,unknown
salt\salt_0169.jpg,salt,unknown,unknown
salt\salt_0170.jpg,salt,unknown,unknown
salt\salt_0171.jpg,salt,unknown,unknown
salt\salt_0172.jpg,salt,unknown,unknown
salt\salt_0173.jpg,salt,unknown,unknown
salt\salt_0174.jpg,salt,unknown,unknown
salt\salt_0175.jpg,salt,unknown,unknown
salt\salt_0176.jpg,salt,unknown,unknown
salt\salt_0177.jpg,salt,unknown,unknown
salt\salt_0178.jpg,salt,unknown,unknown
salt\salt_0179.jpg,salt,unknown,unknown
salt\salt_0180.jpg,salt,unknown,unknown
salt\salt_0181.jpg,salt,unknown,unknown
salt\salt_0182.jpg,salt,unknown,unknown
salt\salt_0183.jpg,salt,unknown,unknown
salt\salt_0184.jpg,salt,unknown,unknown
salt\salt_0185.jpg,salt,unknown,unknown
salt\salt_0186.jpg,salt,unknown,unknown
salt\salt_0187.jpg,salt,unknown,unknown
salt\salt_0188.jpg,salt,unknown,unknown
salt\salt_0189.jpg,salt,unknown,unknown
salt\salt_0190.jpg,salt,unknown,unknown
salt\salt_0191.jpg,salt,unknown,unknown
salt\salt_0192.jpg,salt,unknown,unknown
salt\salt_0193.jpg,salt,unknown,unknown
salt\salt_0194.jpg,salt,unknown,unknown
salt\salt_0195.jpg,salt,unknown,unknown
salt\salt_0196.jpg,salt,unknown,unknown
salt\salt_0197.jpg,salt,unknown,unknown
salt\salt_0198.jpg,salt,unknown,unknown
salt\salt_0199.jpg,salt,unknown,unknown
salt\salt_0200.jpg,salt,unknown,unknown
salt\salt_0201.jpg,salt,unknown,unknown
salt\salt_0202.jpg,salt,unknown,unknown
salt\salt_0203.jpg,salt,unknown,unknown
salt\salt_0204.jpg,salt,unknown,unknown
salt\salt_0205.jpg,salt,unknown,unknown
salt\salt_0206.jpg,salt,unknown,unknown
salt\salt_0207.jpg,salt,unknown,unknown
salt\salt_0208.jpg,salt,unknown,unknown
salt\salt_0209.jpg,salt,unknown,unknown
salt\salt_0210.jpg,salt,unknown,unknown
salt\salt_0211.jpg,salt,unknown,unknown
salt\salt_0212.jpg,salt,unknown,unknown
salt\salt_0213.jpg,salt,unknown,unknown
salt\salt_0214.jpg,salt,unknown,unknown
salt\salt_0215.jpg,salt,unknown,unknown
salt\salt_0216.jpg,salt,unknown,unknown
salt\salt_0217.jpg,salt,unknown,unknown
salt\salt_0218.jpg,salt,unknown,unknown
salt\salt_0219.jpg,salt,unknown,unknown
sugar\sugar_0001.jpg,sugar,unknown,unknown
sugar\sugar_0002.jpg,sugar,unknown,unknown
sugar\sugar_0003.jpg,sugar,unknown,unknown
sugar\sugar_0004.jpg,sugar,unknown,unknown
sugar\sugar_0005.jpg,sugar,unknown,unknown
sugar\sugar_0006.jpg,sugar,unknown,unknown
sugar\sugar_0007.jpg,sugar,unknown,unknown
sugar\sugar_0008.jpg,sugar,unknown,unknown
sugar\sugar_0009.jpg,sugar,unknown,unknown
sugar\sugar_0010.jpg,sugar,unknown,unknown
sugar\sugar_0011.jpg,sugar,unknown,unknown
sugar\sugar_0012.jpg,sugar,unknown,unknown
sugar\sugar_0013.jpg,sugar,unknown,unknown
sugar\sugar_0014.jpg,sugar,unknown,unknown
sugar\sugar_0015.jpg,sugar,unknown,unknown
sugar\sugar_0016.jpg,sugar,unknown,unknown
sugar\sugar_0017.jpg,sugar,unknown,unknown
sugar\sugar_0018.jpg,sugar,unknown,unknown
sugar\sugar_0019.jpg,sugar,unknown,unknown
sugar\sugar_0020.jpg,sugar,unknown,unknown
sugar\sugar_0021.jpg,sugar,unknown,unknown
sugar\sugar_0022.jpg,sugar,unknown,unknown
sugar\sugar_0023.jpg,sugar,unknown,unknown
sugar\sugar_0024.jpg,sugar,unknown,unknown
sugar\sugar_0025.jpg,sugar,unknown,unknown
sugar\sugar_0026.jpg,sugar,unknown,unknown
sugar\sugar_0027.jpg,sugar,unknown,unknown
sugar\sugar_0028.jpg,sugar,unknown,unknown
sugar\sugar_0029.jpg,sugar,unknown,unknown
sugar\sugar_0030.jpg,sugar,unknown,unknown
sugar\sugar_0031.jpg,sugar,unknown,unknown
sugar\sugar_0032.jpg,sugar,unknown,unknown
sugar\sugar_0033.jpg,sugar,unknown,unknown
sugar\sugar_0034.jpg,sugar,unknown,unknown
sugar\sugar_0035.jpg,sugar,unknown,unknown
sugar\sugar_0036.jpg,sugar,unknown,unknown
sugar\sugar_0037.jpg,sugar,unknown,unknown
sugar\sugar_0038.jpg,sugar,unknown,unknown
sugar\sugar_0039.jpg,sugar,unknown,unknown
sugar\sugar_0040.jpg,sugar,unknown,unknown
sugar\sugar_0041.jpg,sugar,unknown,unknown
sugar\sugar_0042.jpg,sugar,unknown,unknown
sugar\sugar_0043.jpg,sugar,unknown,unknown
sugar\sugar_0044.jpg,sugar,unknown,unknown
sugar\sugar_0045.jpg,sugar,unknown,unknown
sugar\sugar_0046.jpg,sugar,unknown,unknown
sugar\sugar_0047.jpg,sugar,unknown,unknown
sugar\sugar_0048.jpg,sugar,unknown,unknown
sugar\sugar_0049.jpg,sugar,unknown,unknown
sugar\sugar_0050.jpg,sugar,unknown,unknown
sugar\sugar_0051.jpg,sugar,unknown,unknown
sugar\sugar_0052.jpg,sugar,unknown,unknown
sugar\sugar_0053.jpg,sugar,unknown,unknown
sugar\sugar_0054.jpg,sugar,unknown,unknown
sugar\sugar_0055.jpg,sugar,unknown,unknown
sugar\sugar_0056.jpg,sugar,unknown,unknown
sugar\sugar_0057.jpg,sugar,unknown,unknown
sugar\sugar_0058.jpg,sugar,unknown,unknown
sugar\sugar_0059.jpg,sugar,unknown,unknown
sugar\sugar_0060.jpg,sugar,unknown,unknown
sugar\sugar_0061.jpg,sugar,unknown,unknown
sugar\sugar_0062.jpg,sugar,unknown,unknown
sugar\sugar_0063.jpg,sugar,unknown,unknown
sugar\sugar_0064.jpg,sugar,unknown,unknown
sugar\sugar_0065.jpg,sugar,unknown,unknown
sugar\sugar_0066.jpg,sugar,unknown,unknown
sugar\sugar_0067.jpg,sugar,unknown,unknown
sugar\sugar_0068.jpg,sugar,unknown,unknown
sugar\sugar_0069.jpg,sugar,unknown,unknown
sugar\sugar_0070.jpg,sugar,unknown,unknown
sugar\sugar_0071.jpg,sugar,unknown,unknown
sugar\sugar_0072.jpg,sugar,unknown,unknown
sugar\sugar_0073.jpg,sugar,unknown,unknown
sugar\sugar_0074.jpg,sugar,unknown,unknown
sugar\sugar_0075.jpg,sugar,unknown,unknown
sugar\sugar_0076.jpg,sugar,unknown,unknown
sugar\sugar_0077.jpg,sugar,unknown,unknown
sugar\sugar_0078.jpg,sugar,unknown,unknown
sugar\sugar_0079.jpg,sugar,unknown,unknown
sugar\sugar_0080.jpg,sugar,unknown,unknown
sugar\sugar_0081.jpg,sugar,unknown,unknown
sugar\sugar_0082.jpg,sugar,unknown,unknown
sugar\sugar_0083.jpg,sugar,unknown,unknown
sugar\sugar_0084.jpg,sugar,unknown,unknown
sugar\sugar_0085.jpg,sugar,unknown,unknown
sugar\sugar_0086.jpg,sugar,unknown,unknown
sugar\sugar_0087.jpg,sugar,unknown,unknown
sugar\sugar_0088.jpg,sugar,unknown,unknown
sugar\sugar_0089.jpg,sugar,unknown,unknown
sugar\sugar_0090.jpg,sugar,unknown,unknown
sugar\sugar_0091.jpg,sugar,unknown,unknown
sugar\sugar_0092.jpg,sugar,unknown,unknown
sugar\sugar_0093.jpg,sugar,unknown,unknown
sugar\sugar_0094.jpg,sugar,unknown,unknown
sugar\sugar_0095.jpg,sugar,unknown,unknown
sugar\sugar_0096.jpg,sugar,unknown,unknown
sugar\sugar_0097.jpg,sugar,unknown,unknown
sugar\sugar_0098.jpg,sugar,unknown,unknown
sugar\sugar_0099.jpg,sugar,unknown,unknown
sugar\sugar_0100.jpg,sugar,unknown,unknown
sugar\sugar_0101.jpg,sugar,unknown,unknown
sugar\sugar_0102.jpg,sugar,unknown,unknown
sugar\sugar_0103.jpg,sugar,unknown,unknown
sugar\sugar_0104.jpg,sugar,unknown,unknown
sugar\sugar_0105.jpg,sugar,unknown,unknown
sugar\sugar_0106.jpg,sugar,unknown,unknown
sugar\sugar_0107.jpg,sugar,unknown,unknown
sugar\sugar_0108.jpg,sugar,unknown,unknown
sugar\sugar_0109.jpg,sugar,unknown,unknown
sugar\sugar_0110.jpg,sugar,unknown,unknown
sugar\sugar_0111.jpg,sugar,unknown,unknown
sugar\sugar_0112.jpg,sugar,unknown,unknown
sugar\sugar_0113.jpg,sugar,unknown,unknown
sugar\sugar_0114.jpg,sugar,unknown,unknown
sugar\sugar_0115.jpg,sugar,unknown,unknown
sugar\sugar_0116.jpg,sugar,unknown,unknown
sugar\sugar_0117.jpg,sugar,unknown,unknown
sugar\sugar_0118.jpg,sugar,unknown,unknown
sugar\sugar_0119.jpg,sugar,unknown,unknown
sugar\sugar_0120.jpg,sugar,unknown,unknown
sugar\sugar_0121.jpg,sugar,unknown,unknown
sugar\sugar_0122.jpg,sugar,unknown,unknown
sugar\sugar_0123.jpg,sugar,unknown,unknown
sugar\sugar_0124.jpg,sugar,unknown,unknown
sugar\sugar_0125.jpg,sugar,unknown,unknown
sugar\sugar_0126.jpg,sugar,unknown,unknown
sugar\sugar_0127.jpg,sugar,unknown,unknown
sugar\sugar_0128.jpg,sugar,unknown,unknown
sugar\sugar_0129.jpg,sugar,unknown,unknown
sugar\sugar_0130.jpg,sugar,unknown,unknown
sugar\sugar_0131.jpg,sugar,unknown,unknown
sugar\sugar_0132.jpg,sugar,unknown,unknown
sugar\sugar_0133.jpg,sugar,unknown,unknown
sugar\sugar_0134.jpg,sugar,unknown,unknown
sugar\sugar_0135.jpg,sugar,unknown,unknown
sugar\sugar_0136.jpg,sugar,unknown,unknown
sugar\sugar_0137.jpg,sugar,unknown,unknown
sugar\sugar_0138.jpg,sugar,unknown,unknown
sugar\sugar_0139.jpg,sugar,unknown,unknown
sugar\sugar_0140.jpg,sugar,unknown,unknown
sugar\sugar_0141.jpg,sugar,unknown,unknown
sugar\sugar_0142.jpg,sugar,unknown,unknown
sugar\sugar_0143.jpg,sugar,unknown,unknown
sugar\sugar_0144.jpg,sugar,unknown,unknown
sugar\sugar_0145.jpg,sugar,unknown,unknown
sugar\sugar_0146.jpg,sugar,unknown,unknown
sugar\sugar_0147.jpg,sugar,unknown,unknown
sugar\sugar_0148.jpg,sugar,unknown,unknown
sugar\sugar_0149.jpg,sugar,unknown,unknown
sugar\sugar_0150.jpg,sugar,unknown,unknown
sugar\sugar_0151.jpg,sugar,unknown,unknown
sugar\sugar_0152.jpg,sugar,unknown,unknown
sugar\sugar_0153.jpg,sugar,unknown,unknown
sugar\sugar_0154.jpg,sugar,unknown,unknown
sugar\sugar_0155.jpg,sugar,unknown,unknown
sugar\sugar_0156.jpg,sugar,unknown,unknown
sugar\sugar_0157.jpg,sugar,unknown,unknown
sugar\sugar_0158.jpg,sugar,unknown,unknown
sugar\sugar_0159.jpg,sugar,unknown,unknown
sugar\sugar_0160.jpg,sugar,unknown,unknown
sugar\sugar_0161.jpg,sugar,unknown,unknown
sugar\sugar_0162.jpg,sugar,unknown,unknown
sugar\sugar_0163.jpg,sugar,unknown,unknown
sugar\sugar_0164.jpg,sugar,unknown,unknown
sugar\sugar_0165.jpg,sugar,unknown,unknown
sugar\sugar_0166.jpg,sugar,unknown,unknown
sugar\sugar_0167.jpg,sugar,unknown,unknown
sugar\sugar_0168.jpg,sugar,unknown,unknown
sugar\sugar_0169.jpg,sugar,unknown,unknown
sugar\sugar_0170.jpg,sugar,unknown,unknown
sugar\sugar_0171.jpg,sugar,unknown,unknown
sugar\sugar_0172.jpg,sugar,unknown,unknown
sugar\sugar_0173.jpg,sugar,unknown,unknown
sugar\sugar_0174.jpg,sugar,unknown,unknown
sugar\sugar_0175.jpg,sugar,unknown,unknown
sugar\sugar_0176.jpg,sugar,unknown,unknown
sugar\sugar_0177.jpg,sugar,unknown,unknown
sugar\sugar_0178.jpg,sugar,unknown,unknown
sugar\sugar_0179.jpg,sugar,unknown,unknown
sugar\sugar_0180.jpg,sugar,unknown,unknown
sugar\sugar_0181.jpg,sugar,unknown,unknown
sugar\sugar_0182.jpg,sugar,unknown,unknown
sugar\sugar_0183.jpg,sugar,unknown,unknown
sugar\sugar_0184.jpg,sugar,unknown,unknown
sugar\sugar_0185.jpg,sugar,unknown,unknown
sugar\sugar_0186.jpg,sugar,unknown,unknown
sugar\sugar_0187.jpg,sugar,unknown,unknown
sugar\sugar_0188.jpg,sugar,unknown,unknown
sugar\sugar_0189.jpg,sugar,unknown,unknown
sugar\sugar_0190.jpg,sugar,unknown,unknown
sugar\sugar_0191.jpg,sugar,unknown,unknown
sugar\sugar_0192.jpg,sugar,unknown,unknown
sugar\sugar_0193.jpg,sugar,unknown,unknown
sugar\sugar_0194.jpg,sugar,unknown,unknown
sugar\sugar_0195.jpg,sugar,unknown,unknown
sugar\sugar_0196.jpg,sugar,unknown,unknown
sugar\sugar_0197.jpg,sugar,unknown,unknown
sugar\sugar_0198.jpg,sugar,unknown,unknown
sugar\sugar_0199.jpg,sugar,unknown,unknown
sugar\sugar_0200.jpg,sugar,unknown,unknown
sugar\sugar_0201.jpg,sugar,unknown,unknown
sugar\sugar_0202.jpg,sugar,unknown,unknown
sugar\sugar_0203.jpg,sugar,unknown,unknown
sugar\sugar_0204.jpg,sugar,unknown,unknown
sugar\sugar_0205.jpg,sugar,unknown,unknown
sugar\sugar_0206.jpg,sugar,unknown,unknown
sugar\sugar_0207.jpg,sugar,unknown,unknown
sugar\sugar_0208.jpg,sugar,unknown,unknown
sugar\sugar_0209.jpg,sugar,unknown,unknown
sugar\sugar_0210.jpg,sugar,unknown,unknown
sugar\sugar_0211.jpg,sugar,unknown,unknown
sugar\sugar_0212.jpg,sugar,unknown,unknown
sugar\sugar_0213.jpg,sugar,unknown,unknown
sugar\sugar_0214.jpg,sugar,unknown,unknown
sugar\sugar_0215.jpg,sugar,unknown,unknown
sugar\sugar_0216.jpg,sugar,unknown,unknown
sugar\sugar_0217.jpg,sugar,unknown,unknown
sugar\sugar_0218.jpg,sugar,unknown,unknown
sugar\sugar_0219.jpg,sugar,unknown,unknown
sugar\sugar_0220.jpg,sugar,unknown,unknown
sugar\sugar_0221.jpg,sugar,unknown,unknown
sugar\sugar_0222.jpg,sugar,unknown,unknown
sugar\sugar_0223.jpg,sugar,unknown,unknown
sugar\sugar_0224.jpg,sugar,unknown,unknown
sugar\sugar_0225.jpg,sugar,unknown,unknown
sugar\sugar_0226.jpg,sugar,unknown,unknown
sugar\sugar_0227.jpg,sugar,unknown,unknown
sugar\sugar_0228.jpg,sugar,unknown,unknown
sugar\sugar_0229.jpg,sugar,unknown,unknown
sugar\sugar_0230.jpg,sugar,unknown,unknown
sugar\sugar_0231.jpg,sugar,unknown,unknown
sugar\sugar_0232.jpg,sugar,unknown,unknown
water\water_0001.jpg,water,unknown,unknown
water\water_0002.jpg,water,unknown,unknown
water\water_0003.jpg,water,unknown,unknown
water\water_0004.jpg,water,unknown,unknown
water\water_0005.jpg,water,unknown,unknown
water\water_0006.jpg,water,unknown,unknown
water\water_0007.jpg,water,unknown,unknown
water\water_0008.jpg,water,unknown,unknown
water\water_0009.jpg,water,unknown,unknown
water\water_0010.jpg,water,unknown,unknown
water\water_0011.jpg,water,unknown,unknown
water\water_0012.jpg,water,unknown,unknown
water\water_0013.jpg,water,unknown,unknown
water\water_0014.jpg,water,unknown,unknown
water\water_0015.jpg,water,unknown,unknown
water\water_0016.jpg,water,unknown,unknown
water\water_0017.jpg,water,unknown,unknown
water\water_0018.jpg,water,unknown,unknown
water\water_0019.jpg,water,unknown,unknown
water\water_0020.jpg,water,unknown,unknown
water\water_0021.jpg,water,unknown,unknown
water\water_0022.jpg,water,unknown,unknown
water\water_0023.jpg,water,unknown,unknown
water\water_0024.jpg,water,unknown,unknown
water\water_0025.jpg,water,unknown,unknown
water\water_0026.jpg,water,unknown,unknown
water\water_0027.jpg,water,unknown,unknown
water\water_0028.jpg,water,unknown,unknown
water\water_0029.jpg,water,unknown,unknown
water\water_0030.jpg,water,unknown,unknown
water\water_0031.jpg,water,unknown,unknown
water\water_0032.jpg,water,unknown,unknown
water\water_0033.jpg,water,unknown,unknown
water\water_0034.jpg,water,unknown,unknown
water\water_0035.jpg,water,unknown,unknown
water\water_0036.jpg,water,unknown,unknown
water\water_0037.jpg,water,unknown,unknown
water\water_0038.jpg,water,unknown,unknown
water\water_0039.jpg,water,unknown,unknown
water\water_0040.jpg,water,unknown,unknown
water\water_0041.jpg,water,unknown,unknown
water\water_0042.jpg,water,unknown,unknown
water\water_0043.jpg,water,unknown,unknown
water\water_0044.jpg,water,unknown,unknown
water\water_0045.jpg,water,unknown,unknown
water\water_0046.jpg,water,unknown,unknown
water\water_0047.jpg,water,unknown,unknown
water\water_0048.jpg,water,unknown,unknown
water\water_0049.jpg,water,unknown,unknown
water\water_0050.jpg,water,unknown,unknown
water\water_0051.jpg,water,unknown,unknown
water\water_0052.jpg,water,unknown,unknown
water\water_0053.jpg,water,unknown,unknown
water\water_0054.jpg,water,unknown,unknown
water\water_0055.jpg,water,unknown,unknown
water\water_0056.jpg,water,unknown,unknown
water\water_0057.jpg,water,unknown,unknown
water\water_0058.jpg,water,unknown,unknown
water\water_0059.jpg,water,unknown,unknown
water\water_0060.jpg,water,unknown,unknown
water\water_0061.jpg,water,unknown,unknown
water\water_0062.jpg,water,unknown,unknown
water\water_0063.jpg,water,unknown,unknown
water\water_0064.jpg,water,unknown,unknown
water\water_0065.jpg,water,unknown,unknown
water\water_0066.jpg,water,unknown,unknown
water\water_0067.jpg,water,unknown,unknown
water\water_0068.jpg,water,unknown,unknown
water\water_0069.jpg,water,unknown,unknown
water\water_0070.jpg,water,unknown,unknown
water\water_0071.jpg,water,unknown,unknown
water\water_0072.jpg,water,unknown,unknown
water\water_0073.jpg,water,unknown,unknown
water\water_0074.jpg,water,unknown,unknown
water\water_0075.jpg,water,unknown,unknown
water\water_0076.jpg,water,unknown,unknown
water\water_0077.jpg,water,unknown,unknown
water\water_0078.jpg,water,unknown,unknown
water\water_0079.jpg,water,unknown,unknown
water\water_0080.jpg,water,unknown,unknown
water\water_0081.jpg,water,unknown,unknown
water\water_0082.jpg,water,unknown,unknown
water\water_0083.jpg,water,unknown,unknown
water\water_0084.jpg,water,unknown,unknown
water\water_0085.jpg,water,unknown,unknown
water\water_0086.jpg,water,unknown,unknown
water\water_0087.jpg,water,unknown,unknown
water\water_0088.jpg,water,unknown,unknown
water\water_0089.jpg,water,unknown,unknown
water\water_0090.jpg,water,unknown,unknown
water\water_0091.jpg,water,unknown,unknown
water\water_0092.jpg,water,unknown,unknown
water\water_0093.jpg,water,unknown,unknown
water\water_0094.jpg,water,unknown,unknown
water\water_0095.jpg,water,unknown,unknown
water\water_0096.jpg,water,unknown,unknown
water\water_0097.jpg,water,unknown,unknown
water\water_0098.jpg,water,unknown,unknown
water\water_0099.jpg,water,unknown,unknown
water\water_0100.jpg,water,unknown,unknown
water\water_0101.jpg,water,unknown,unknown
water\water_0102.jpg,water,unknown,unknown
water\water_0103.jpg,water,unknown,unknown
water\water_0104.jpg,water,unknown,unknown
water\water_0105.jpg,water,unknown,unknown
water\water_0106.jpg,water,unknown,unknown
water\water_0107.jpg,water,unknown,unknown
water\water_0108.jpg,water,unknown,unknown
water\water_0109.jpg,water,unknown,unknown
water\water_0110.jpg,water,unknown,unknown
water\water_0111.jpg,water,unknown,unknown
water\water_0112.jpg,water,unknown,unknown
water\water_0113.jpg,water,unknown,unknown
water\water_0114.jpg,water,unknown,unknown
water\water_0115.jpg,water,unknown,unknown
water\water_0116.jpg,water,unknown,unknown
water\water_0117.jpg,water,unknown,unknown
water\water_0118.jpg,water,unknown,unknown
water\water_0119.jpg,water,unknown,unknown
water\water_0120.jpg,water,unknown,unknown
water\water_0121.jpg,water,unknown,unknown
water\water_0122.jpg,water,unknown,unknown
water\water_0123.jpg,water,unknown,unknown
water\water_0124.jpg,water,unknown,unknown
water\water_0125.jpg,water,unknown,unknown
water\water_0126.jpg,water,unknown,unknown
water\water_0127.jpg,water,unknown,unknown
water\water_0128.jpg,water,unknown,unknown
water\water_0129.jpg,water,unknown,unknown
water\water_0130.jpg,water,unknown,unknown
water\water_0131.jpg,water,unknown,unknown
water\water_0132.jpg,water,unknown,unknown
water\water_0133.jpg,water,unknown,unknown
water\water_0134.jpg,water,unknown,unknown
water\water_0135.jpg,water,unknown,unknown
water\water_0136.jpg,water,unknown,unknown
water\water_0137.jpg,water,unknown,unknown
water\water_0138.jpg,water,unknown,unknown
water\water_0139.jpg,water,unknown,unknown
water\water_0140.jpg,water,unknown,unknown
water\water_0141.jpg,water,unknown,unknown
water\water_0142.jpg,water,unknown,unknown
water\water_0143.jpg,water,unknown,unknown
water\water_0144.jpg,water,unknown,unknown
water\water_0145.jpg,water,unknown,unknown
water\water_0146.jpg,water,unknown,unknown
water\water_0147.jpg,water,unknown,unknown
water\water_0148.jpg,water,unknown,unknown
water\water_0149.jpg,water,unknown,unknown
water\water_0150.jpg,water,unknown,unknown
water\water_0151.jpg,water,unknown,unknown
water\water_0152.jpg,water,unknown,unknown
water\water_0153.jpg,water,unknown,unknown
water\water_0154.jpg,water,unknown,unknown
water\water_0155.jpg,water,unknown,unknown
water\water_0156.jpg,water,unknown,unknown
water\water_0157.jpg,water,unknown,unknown
water\water_0158.jpg,water,unknown,unknown
water\water_0159.jpg,water,unknown,unknown
water\water_0160.jpg,water,unknown,unknown
water\water_0161.jpg,water,unknown,unknown
water\water_0162.jpg,water,unknown,unknown
water\water_0163.jpg,water,unknown,unknown
water\water_0164.jpg,water,unknown,unknown
water\water_0165.jpg,water,unknown,unknown
water\water_0166.jpg,water,unknown,unknown
water\water_0167.jpg,water,unknown,unknown
water\water_0168.jpg,water,unknown,unknown
water\water_0169.jpg,water,unknown,unknown
water\water_0170.jpg,water,unknown,unknown
water\water_0171.jpg,water,unknown,unknown
water\water_0172.jpg,water,unknown,unknown
water\water_0173.jpg,water,unknown,unknown
water\water_0174.jpg,water,unknown,unknown
water\water_0175.jpg,water,unknown,unknown
water\water_0176.jpg,water,unknown,unknown
water\water_0177.jpg,water,unknown,unknown
water\water_0178.jpg,water,unknown,unknown
water\water_0179.jpg,water,unknown,unknown
water\water_0180.jpg,water,unknown,unknown
water\water_0181.jpg,water,unknown,unknown
water\water_0182.jpg,water,unknown,unknown
water\water_0183.jpg,water,unknown,unknown
water\water_0184.jpg,water,unknown,unknown
water\water_0185.jpg,water,unknown,unknown
water\water_0186.jpg,water,unknown,unknown
water\water_0187.jpg,water,unknown,unknown
water\water_0188.jpg,water,unknown,unknown
water\water_0189.jpg,water,unknown,unknown
water\water_0190.jpg,water,unknown,unknown
water\water_0191.jpg,water,unknown,unknown
water\water_0192.jpg,water,unknown,unknown
water\water_0193.jpg,water,unknown,unknown
water\water_0194.jpg,water,unknown,unknown
water\water_0195.jpg,water,unknown,unknown
water\water_0196.jpg,water,unknown,unknown
water\water_0197.jpg,water,unknown,unknown
water\water_0198.jpg,water,unknown,unknown
water\water_0199.jpg,water,unknown,unknown
water\water_0200.jpg,water,unknown,unknown
water\water_0201.jpg,water,unknown,unknown
water\water_0202.jpg,water,unknown,unknown
water\water_0203.jpg,water,unknown,unknown
water\water_0204.jpg,water,unknown,unknown
water\water_0205.jpg,water,unknown,unknown
water\water_0206.jpg,water,unknown,unknown
water\water_0207.jpg,water,unknown,unknown
water\water_0208.jpg,water,unknown,unknown
water\water_0209.jpg,water,unknown,unknown
water\water_0210.jpg,water,unknown,unknown
water\water_0211.jpg,water,unknown,unknown
water\water_0212.jpg,water,unknown,unknown
water\water_0213.jpg,water,unknown,unknown
water\water_0214.jpg,water,unknown,unknown
